CustomerID,FirstName,LastName,Email,PhoneNumber,Birthday,Address,City,State,ZipCode
1,Dana,Turner,jennifer65@example.com,668-220-0384x465,1982-09-25,451 Rowland Course Suite 232,Josephchester,CT,33331
2,Thomas,Moore,dylan53@example.com,869-933-4021x3149,2003-06-04,8657 Michael Mission,West Matthew,AR,91769
3,David,Lindsey,david51@example.net,4619417601,1980-12-09,21777 Erin Views Apt. 830,North Staceymouth,FL,73441
4,Angela,Medina,humphreydanny@example.com,+1-522-435-8338x06438,1955-09-26,408 Hernandez Lodge,Katrinaview,GA,36805
5,Destiny,Ford,christopherbradley@example.net,001-281-211-3582x7596,1941-10-08,50866 Matthew Branch Suite 145,East Jessicaport,OK,10394
6,Joseph,Barnes,nestes@example.net,(671)382-4830x84681,1943-01-27,19718 Martin Burg Suite 568,Franciscoshire,ND,99507
7,Martha,Salas,victoria52@example.com,600-756-6126x52313,2005-07-06,53668 Anthony Roads Suite 955,Carmentown,PA,48626
8,Susan,Aguilar,elizabeth27@example.com,+1-272-292-8410,1940-04-30,345 Kayla Shoals Apt. 866,Jasonmouth,OK,20287
9,Elizabeth,Campbell,adamsheather@example.org,+1-854-736-4054,2010-04-22,24505 Adkins Square,Lake Veronica,PA,28801
10,David,Taylor,krystal70@example.org,(919)367-1279x2117,1989-09-08,48199 Parks Summit Suite 625,Lake Kenneth,IN,33161
11,Lisa,Shannon,laurenhenry@example.net,001-700-958-5744x77091,2007-11-26,378 Nicole Ports Suite 122,Stephaniehaven,PW,43804
12,Teresa,Duran,rebecca41@example.com,+1-311-490-8524,1966-08-22,43611 Morales Wall,Port Amberborough,ND,29770
13,Hannah,Woods,jennifermarshall@example.org,998.744.2546x36495,1984-09-07,3903 Young Causeway Apt. 320,Mcdonaldburgh,TX,45100
14,April,Joyce,jessica15@example.org,988-617-5822x390,2000-07-24,1230 Samantha Stravenue Suite 035,New Jamieburgh,CO,01006
15,David,Wood,smithjames@example.com,001-339-876-1078x04711,1948-04-28,3468 Martinez Ranch Suite 902,South Alexismouth,GA,18577
16,Frances,Joyce,rachel59@example.net,979.724.8874x8984,1964-07-10,43922 Jennifer Squares,Higginsmouth,MD,47500
17,Jeffrey,Smith,montgomeryteresa@example.net,400-320-8886x8704,1959-03-07,14357 John Tunnel Suite 102,East Kellimouth,WA,31370
18,Martha,Edwards,joshuaedwards@example.org,+1-423-945-6448x003,1941-02-09,0298 Salazar Island,West Victoriatown,FL,27504
19,William,Gordon,wbennett@example.net,+1-515-980-6207,1952-07-20,6817 Anderson Manors Apt. 849,Washingtonland,WV,51120
20,Jennifer,Griffin,vincentdavidson@example.net,930-382-9382,2002-08-26,1273 Evans Pass,Lake Jennifer,NJ,29641
21,William,Walker,lisa73@example.net,851-441-8753x824,1986-10-10,65185 Flores Knoll Apt. 766,Floresstad,MO,45357
22,David,Sanchez,laurarangel@example.org,(773)634-5284,1993-08-12,9331 Taylor Neck,East Stephanie,PW,94415
23,Tyler,Holt,michael85@example.net,400.526.0634,1953-04-21,21377 Gonzalez Green Apt. 016,New Georgeville,AK,68104
24,Wanda,Hess,olynch@example.com,454-221-1798,1970-04-26,96139 Reed Stream,Port Angela,FM,61110
25,Michael,Barnes,sarahreynolds@example.net,+1-602-457-6528x2464,1988-03-30,9730 Eric Extensions,Lake Jesse,SC,41876
26,Jeremy,Woods,michaelcarr@example.org,001-577-867-1648x72746,1975-06-30,4224 Dale Expressway Apt. 423,West Amy,HI,55519
27,Tom,Thomas,jhernandez@example.com,(412)331-3667x982,1955-12-04,4401 Bradford Inlet Suite 887,Port Amy,MI,63850
28,Jessica,Jackson,quinnmichael@example.com,8393794342,1997-06-29,22775 Harris Cape,Port Johnnyburgh,MN,40853
29,Erin,Sullivan,byrdjames@example.com,+1-414-850-1803x46300,1967-08-15,0344 Ruben Court,East Madison,AL,60209
30,Michael,Jefferson,susan46@example.net,+1-297-401-8243x80686,1960-06-16,30791 Austin Springs,Laurieshire,LA,10451
31,Tammy,Gould,tylerjohnston@example.net,381.320.4307x256,1980-01-29,3423 Jacob Bypass Apt. 353,New Elizabethborough,AS,28464
32,Brian,Hernandez,zwilson@example.org,959.603.3328,2007-05-11,2838 Joshua Union,Ericksonside,AZ,41481
33,Charles,Cox,bradleyturner@example.com,635.513.4817x856,1962-02-26,604 Khan Lock,Lloydville,KS,14579
34,Christopher,Mckee,tmorse@example.org,001-841-238-6899x9579,1979-03-27,32055 Justin Forge Apt. 338,North Ronald,NM,83035
35,Danielle,Russell,ifrederick@example.org,651.597.5401,2008-06-17,6101 Carroll Squares Apt. 277,Duranview,TX,35877
36,Marcus,Cortez,melissahamilton@example.org,770-323-0327,1993-02-09,95666 Alyssa Locks Suite 546,Simmonstown,DC,32878
37,Samuel,Watts,watsonmelissa@example.org,(599)288-0410,1943-03-28,58381 Sharon Trail,Sloanshire,NC,91534
38,Lori,Stein,williamcherry@example.net,(795)981-8028x4226,1961-02-10,596 Thomas Flats,East Jeffery,MI,51153
39,Victor,Perez,odean@example.net,5858009555,1962-03-08,466 Horn Turnpike Apt. 043,Houstonstad,LA,75233
40,Zachary,Powers,pcunningham@example.net,(614)441-0927,1956-11-27,717 Caldwell Port Suite 409,Jonesfurt,IL,37250
41,Diana,Lam,uperez@example.com,+1-770-298-2472x13286,2008-05-12,572 James Summit,Taylorburgh,NM,94698
42,Veronica,Blake,ronnie17@example.net,+1-939-765-7863x7695,2008-07-01,71882 Samuel Gateway Apt. 540,Port Robert,ME,89618
43,Michael,Landry,krausemichelle@example.com,+1-266-998-1597x3470,2004-09-21,34903 Bryan Oval,Amystad,CA,46128
44,Jessica,Carter,cbaker@example.net,2433343891,1980-04-19,32883 Smith Corner,Davidberg,AZ,56470
45,Michael,Livingston,corey98@example.org,001-945-611-0759,1939-06-23,715 Gilmore Field Apt. 096,Lake Patriciaburgh,WV,27218
46,Derek,Lopez,anthony11@example.org,8798237952,1954-02-19,29304 Melanie Cliffs Suite 667,South Timothy,CA,57137
47,Jacqueline,James,ortizjessica@example.net,+1-764-411-5792,1992-07-24,6782 Johnson Islands Apt. 381,South Melissafort,TX,33527
48,Cynthia,Clements,ronaldholmes@example.net,756.768.7613x6620,1960-07-17,8904 Everett Wells,Lake Margaretfurt,NH,60660
49,Cody,Bell,brenda41@example.net,001-450-882-1503x11895,1961-09-18,147 Timothy Field Apt. 318,West Alanport,NH,99654
50,Benjamin,Park,ronalderickson@example.net,973.831.3690x772,1955-08-02,1914 Smith Points Apt. 550,Scottport,MP,53059
51,Thomas,Miller,whiteelizabeth@example.org,4866038240,1994-01-22,1261 Bryan Mission,East Cynthia,IN,26672
52,Luis,Washington,christophermarquez@example.org,+1-901-485-8706x2011,2003-05-28,8693 Medina Views,Theresaton,NC,45481
53,Gina,Jackson,ronald01@example.com,812-498-0999x290,2005-10-14,3187 Long Loaf,Sanchezborough,NC,27534
54,Tracie,Chapman,kristin90@example.org,774.879.6524x43498,1980-06-02,2649 Kent Greens Apt. 196,Monicafort,HI,07519
55,Lori,Tanner,cgonzalez@example.com,476-851-0811,1961-12-13,820 Garcia Summit Apt. 522,Port Dakota,NM,59014
56,Shirley,Trevino,alisoncampbell@example.com,001-692-284-7738x58923,2001-05-17,309 Daniel Creek,New Madisonmouth,DC,31919
57,Sarah,Reynolds,dustinwilliams@example.net,+1-453-749-2685,2003-03-28,4615 Angie Port,Andreaburgh,IL,32151
58,Rhonda,Garcia,pblair@example.net,733.853.5756x6042,1974-03-30,228 Young Spring Suite 887,West Lindsay,GA,06830
59,Stephanie,Walker,karenbonilla@example.org,990-651-1173,2004-02-27,7510 Matthew Port Apt. 714,Port Terriland,FM,90208
60,Gloria,Cruz,stacygomez@example.com,(622)284-0039x8122,1978-12-02,71449 Skinner Knolls Apt. 426,South Bryan,OK,41849
61,Amber,Wood,lisa83@example.org,(699)574-6148x6088,2012-09-08,0320 Sabrina Road,Millerstad,FM,99697
62,Karla,Franklin,ashleyhansen@example.net,669.716.7394,2008-09-21,777 Anthony Place,Ianfurt,FM,35747
63,Rebecca,Reid,lindacoleman@example.com,441-802-6915x31766,1978-05-01,3283 Catherine Vista,East Wendy,KS,51777
64,Travis,Alvarez,pgreen@example.com,676-829-5101x154,1995-03-02,42507 Leah Corner Suite 507,Davidton,MN,56164
65,Mark,Walker,danielburch@example.net,(412)776-0904,2000-10-02,00899 Elizabeth Walk Suite 004,Jameshaven,ND,08851
66,Michael,Gregory,huntdaniel@example.net,+1-979-920-0125x346,2008-12-14,87548 Jeremy Ramp,Vincentberg,GU,35683
67,David,Gonzalez,ihughes@example.com,001-755-985-6454x124,1979-07-11,980 Summers Keys,East Virginia,AK,33336
68,Jennifer,Rivers,mathewsedward@example.net,958-368-0028x2024,1952-07-16,1350 Amanda Islands Apt. 857,Williamsborough,NJ,04928
69,Dana,Foster,middletonbarbara@example.com,869.532.2196,1978-02-14,49093 Evans Spurs Suite 309,Michaelport,MT,84785
70,Christopher,Clark,deborahryan@example.org,(645)228-7156,1952-06-20,811 Martin Parks Apt. 833,East George,VA,72360
71,Emily,Martinez,austinobrien@example.org,+1-490-663-8656x424,1965-01-16,483 Bell Mills Suite 365,East Carlaland,MS,12694
72,Vincent,Mills,molly15@example.net,3584616744,1990-06-22,7227 Davies Parks,Chapmanburgh,NH,48862
73,Jeremy,Thomas,eking@example.net,307.532.3141x581,2006-03-04,939 Debra Ramp Apt. 871,Marissachester,WY,74840
74,Veronica,Hodge,feliciamay@example.net,001-301-708-4680x81484,1963-10-18,1941 Jamie Forks,Wintersburgh,WY,78360
75,Brad,Berry,eriddle@example.com,001-839-840-1986x38868,1946-03-19,11826 John Turnpike,Solomonfurt,OK,36644
76,Erik,Smith,franciscameron@example.org,+1-723-285-5940x0023,1938-11-16,0790 Lisa Alley Suite 563,North Leah,MS,24389
77,Daniel,Mitchell,william66@example.net,624-947-3971,1938-08-20,01313 Simpson Centers,Hallborough,PA,89256
78,Susan,Rhodes,andrew42@example.net,2279176503,1962-01-26,29144 Matthew Rapid Suite 212,New Alicia,CT,24712
79,Miranda,Carter,ggraham@example.com,467.540.5929x321,1980-11-05,95544 Gentry Estates Suite 009,Mollystad,VI,40789
80,Sydney,Taylor,richard85@example.com,505-417-6046x123,2013-10-07,411 Eileen Extension,South Annashire,NC,95883
81,Christopher,Wilson,stoutjack@example.net,702.863.5101,1994-09-28,7453 Robyn Way Apt. 193,Gillespiestad,SD,98661
82,Colleen,Leonard,wolfsharon@example.com,+1-538-225-2075x602,1978-07-06,395 Smith Manors Suite 163,New Sheena,AK,11444
83,John,Reeves,elizabeth31@example.org,452.547.9119x995,2002-08-05,3741 Donovan Brooks Apt. 188,Gibsonchester,NC,01463
84,Jennifer,Ward,daniellechen@example.com,+1-964-343-3921,1943-12-09,80398 Carrie Isle Apt. 850,Matthewview,LA,43138
85,Jonathan,Johnson,daniellambert@example.com,773.612.6161,1946-08-18,940 Kathleen Lock Apt. 237,Robinborough,GA,85546
86,Edward,Perez,larsonjoshua@example.com,+1-743-240-1265x6624,1982-09-21,967 Michael Shore Suite 307,Mooreview,PW,69333
87,Jane,Montgomery,grahampaul@example.net,5603314028,1965-08-08,6909 Long Views Suite 256,Jasonburgh,VT,09960
88,Brian,Jones,erin68@example.net,804-582-9060x15193,2000-04-23,817 Scott Overpass Apt. 284,East Carlosburgh,IL,55593
89,Robert,Salazar,ericksonvincent@example.com,+1-499-504-0657x61992,1950-05-07,10797 Joshua Grove,Lake Micheleton,CT,05791
90,Nicholas,Jarvis,howekristin@example.com,+1-634-764-9967x83824,1981-09-02,56033 Lee Via,Harperport,VI,73409
91,Laura,Pacheco,timothy74@example.net,960.208.3223,1993-12-01,9435 Christopher Drive,South Olivia,NH,60326
92,Alexander,Chan,aswanson@example.net,546.524.4725x5986,1991-10-28,731 Karen Alley Suite 706,Lake Leslie,IL,30968
93,Cassie,Chavez,mark82@example.org,453.229.4356x084,1999-12-17,84241 Evans Field,West Sheila,LA,30528
94,Stephanie,Ramirez,allisonsmith@example.net,3122329678,1995-10-13,3804 Terry Estates,Thompsonport,CO,20914
95,Savannah,Green,williamsamanda@example.com,(275)830-4881,2006-01-26,00905 Diaz Route,North Debra,NY,02383
96,Diane,Martin,fergusonmaureen@example.net,7565913731,1956-09-06,694 Jesse Parks Apt. 997,Phillipside,MT,23459
97,Heather,Mitchell,fbryant@example.org,456.773.8684x86771,1984-01-17,420 Jones Pine Apt. 828,North Alex,OH,10916
98,Shirley,Lopez,obrienjames@example.com,001-937-484-6279x70401,1972-02-04,7362 Samuel Villages,Davidmouth,MP,53880
99,Daniel,Dean,reyesdaniel@example.org,684-237-2465x8415,1974-07-16,5843 Kevin Port Apt. 933,West Pamelaville,MI,07153
100,Zachary,Meyer,kgentry@example.org,(277)781-6359x84353,1952-09-20,588 Young Valley,Lopezmouth,NM,86164
101,William,Thomas,goldenshannon@example.org,001-833-574-2560,1963-08-09,0770 William Run Suite 882,Nelsonstad,TN,80116
102,Tina,Foster,max91@example.org,866.674.5354x32180,2004-09-28,78744 Riley Viaduct,Michaelbury,GU,80474
103,Julia,Macias,kristinvalenzuela@example.com,294-906-7844x91280,1957-05-18,212 Susan Fort Apt. 022,Brandonview,ID,61297
104,Stephanie,Butler,whitemaria@example.org,001-819-249-8096x506,1985-12-29,4235 Sanchez Pass Suite 997,South Melissafurt,CA,77642
105,Joseph,Hunter,crystalklein@example.com,+1-623-786-3428x24679,1995-11-04,96833 James Port,Huntberg,RI,60132
106,Jason,Fernandez,jamescampbell@example.com,+1-787-239-7281x57841,1942-06-24,38691 David Way,South Peggy,NE,09041
107,Timothy,King,mwall@example.net,9612499730,2000-03-15,3198 Trujillo Manor Apt. 053,Hayesberg,AS,46698
108,Lynn,King,wisemegan@example.net,505-655-7545x4203,1938-10-31,11808 Olsen Tunnel,Fischerburgh,HI,82869
109,Jessica,Garcia,katherinenorris@example.com,730-542-0710,2008-06-11,5430 Joseph Terrace Apt. 992,Meganfort,MN,58118
110,Michelle,Miles,jamesfrancis@example.net,618.874.5409,1948-07-31,9187 Sanchez Prairie,Lake Zachary,MD,90865
111,Sean,Johnson,ashleyjordan@example.com,471-219-2170x824,1946-11-06,055 Jason Fords,North Chad,VI,08917
112,Todd,Proctor,daisy13@example.org,+1-226-966-6674x833,1989-07-18,58392 Julia Loop Apt. 610,Blakeberg,AS,27083
113,Angelica,Green,hernandezgeorge@example.org,6524138320,1941-07-07,29634 Eddie Bypass Apt. 818,East Holly,GU,28398
114,Heather,Neal,fayala@example.net,+1-312-503-9021,1974-05-30,5731 Calhoun Place Suite 941,New Brettberg,MS,71771
115,Erica,Barnes,amason@example.org,(762)630-7750,1983-01-28,6989 Eugene Shoal Suite 972,North Tamaratown,AR,31279
116,Sean,Reid,amberreyes@example.net,(509)857-6127,1965-06-28,223 James Flats Suite 302,Wallaceborough,WY,87240
117,David,Taylor,winterscharles@example.net,(944)450-0012,1953-09-27,4903 Tucker Valley Apt. 495,North Samanthaville,ND,52504
118,Brittney,Hanson,david83@example.org,001-460-965-9984x04811,1995-11-12,6759 David Wells Suite 029,Lisabury,TN,52280
119,Stacie,Rios,ugarcia@example.org,001-511-747-4316x834,2008-10-05,18371 Tiffany Mountain Apt. 668,Danielleshire,DC,71937
120,Kimberly,Howell,hillspencer@example.net,+1-389-746-3665x5901,1964-06-23,4027 Ryan Fort Apt. 600,Riostown,IL,37348
121,Donald,Bennett,juan70@example.com,386.478.7201,2013-02-18,85874 Paula Valleys Apt. 147,New Melissa,RI,54266
122,Anthony,Parsons,bstewart@example.com,956.697.7732x73394,2010-06-15,54114 Douglas Parks Apt. 183,Lake Markmouth,MA,69140
123,Daniel,Cole,sarahmacdonald@example.net,823-624-8155,1984-03-26,26086 Smith Burg Suite 388,North Marcus,PR,95239
124,William,Johnson,imorris@example.com,(379)758-8527x8692,1993-07-20,363 Mark Mountains,West Michelleborough,PA,08218
125,Nichole,Knight,loganfoley@example.com,001-666-279-8042x5480,1965-01-16,552 Gardner Meadows Apt. 994,Wanghaven,TX,81716
126,Brittney,Parker,qbush@example.org,(839)888-7507x406,2006-02-05,31817 Estes Ridge Apt. 601,North Davidbury,MN,55379
127,Sabrina,Armstrong,lkeith@example.org,+1-506-236-9853,1997-09-11,8806 Sandra Landing,South Samuelchester,NJ,59874
128,Chloe,Williams,jeromeclarke@example.net,615.988.9300x5386,1985-09-19,182 Rodriguez Rapids,East Kristinhaven,NV,14601
129,Mark,Hanson,susan53@example.net,+1-774-678-6988,2005-09-01,11025 Gonzalez Vista,Lewisborough,SC,21147
130,Kristen,Chung,christopherperry@example.org,730.524.7697x610,2012-09-01,68772 Jason Roads Suite 213,West Cynthiabury,IN,82071
131,Carol,Cox,steven30@example.com,6455282885,2002-10-13,3290 David Square Apt. 363,Daviston,MI,55495
132,David,Pacheco,vhodges@example.org,3647341417,2001-03-09,26694 Terry Courts,Marioview,VI,18540
133,Patrick,Hall,kevin49@example.org,922.246.3754,1958-08-08,479 Roger Brook Suite 250,New Christineville,AS,82238
134,Jerry,Phillips,samantha88@example.com,586-216-1156x1303,1967-07-30,47038 Brandon Greens Apt. 845,East Davidchester,DC,86307
135,Katherine,Ortiz,michael99@example.com,001-507-690-0623x11482,1978-01-09,90823 Kristen Curve,North Alexborough,CO,94747
136,Tara,Cameron,rbradshaw@example.com,+1-966-255-4843x6777,2001-02-12,7073 Michael Union Apt. 172,Marymouth,ND,57108
137,Alison,Garcia,jessicaibarra@example.com,669.616.1110,1994-05-31,408 Teresa Terrace Suite 197,South Sarahmouth,NJ,12706
138,Bryan,Hodges,simonkathleen@example.org,902.964.4105,1985-01-24,967 Tracey Trail Suite 267,North Ricky,WA,76275
139,Paula,Harris,sarawilson@example.org,+1-826-294-2324,1994-10-24,146 Day Crescent Apt. 422,Kimberlytown,CO,87012
140,Michael,Klein,jlutz@example.com,8572165156,1981-07-12,86944 Michelle Corner,Deannaborough,SC,46628
141,Sally,Gould,kelseyowens@example.net,8174606661,1955-06-12,26895 Andrew Tunnel,Morrisberg,KS,83956
142,Kim,Mercer,mercedes18@example.net,297-957-0080,1968-07-21,59912 Jason Plaza Apt. 930,South Kristin,MH,76549
143,Daniel,Klein,zgibbs@example.net,001-734-607-0650,2011-01-14,478 Boyle Corner,New Rosehaven,TN,13274
144,Cynthia,Peterson,ymiller@example.net,(502)549-5109x892,1992-04-27,14436 Don Flats Suite 968,Victoriashire,IL,31269
145,Gary,Patrick,jessicachristensen@example.com,899-690-7469x38965,1985-06-01,416 Carter Crest Apt. 400,North Charles,SC,36042
146,Nicole,Pennington,torresdwayne@example.com,876.401.3802,1989-10-28,279 Kelly Skyway Apt. 991,West Jasonborough,AS,26691
147,Randy,Davis,chavezmonique@example.org,+1-905-462-0894x6263,1999-03-06,1484 Jorge Union,Daniellemouth,AK,03952
148,David,Ryan,icastro@example.com,001-549-732-3160x0611,1950-11-18,97699 Morales Square Suite 790,Cynthiaview,PW,97780
149,Kathryn,Brown,qryan@example.org,(506)779-6069x161,1984-02-26,9060 Melissa Ranch,North Markfurt,RI,21242
150,Kristine,Bates,jeremyrobinson@example.org,001-964-612-8296x45549,1970-07-30,82168 Melinda Shore,New Dawn,NH,16171
151,Shawn,Brock,wilkersonjennifer@example.com,(305)470-3186x33535,1961-01-04,2106 James Path,Marthahaven,CA,69783
152,Robert,King,sandra84@example.com,843.591.5905x040,1989-07-08,3474 Sarah Turnpike,Port Jordan,KS,18361
153,Brenda,Kemp,hendersonvernon@example.org,(965)212-9824,1964-04-14,76729 Spencer Brooks Apt. 245,Smithberg,AR,62456
154,Anna,Patton,riverajennifer@example.net,527-481-7628,1983-11-17,6780 Carolyn Hollow Suite 830,East Amanda,LA,85982
155,Lisa,Murray,srobinson@example.org,+1-621-711-4997x5802,1975-07-24,9540 Diaz Loaf,North Rebecca,CA,49163
156,Cynthia,Garcia,figueroagina@example.org,519-390-6417x7527,1939-04-23,608 Young Lights Suite 346,Lake Rachelborough,AL,72491
157,Lindsey,Brown,carolmitchell@example.org,001-206-238-9273x241,1962-05-22,9054 Cynthia Well Apt. 938,East Joshuachester,FM,56764
158,Emily,Stewart,williamwaters@example.net,+1-354-433-1136x583,1965-10-29,906 Lori Flats Apt. 770,Bryanmouth,NE,70093
159,Lance,Crawford,william71@example.org,679-835-5381,1959-01-16,389 Pierce Ways,New Michael,MA,11759
160,Oscar,Eaton,amy70@example.org,689.961.7636,1950-03-15,0987 Parks Cliff,Jessicaton,MP,33011
161,Mitchell,Smith,jennifer71@example.com,927.534.3800,1982-10-05,447 Green Way,Brianton,OR,57251
162,Michael,Vega,valerie91@example.org,613-871-2831,1978-09-20,60219 Thomas Fort,New Brian,OH,00935
163,Tina,Mack,michaelcoleman@example.org,2452607578,1954-04-10,882 Gardner Manor Apt. 465,South Ruben,NC,20941
164,Stacey,Marks,ilambert@example.net,7205699841,1950-01-30,829 Hernandez Lock,New Kelly,ND,56085
165,Elizabeth,Russell,ojackson@example.com,+1-819-855-4171x0886,1986-11-22,36260 John Terrace Apt. 254,North Lisa,TN,12184
166,Kevin,Marshall,donald49@example.net,752-736-4755x49802,2013-01-04,53967 Stephen Way Suite 492,Port Heidifurt,ID,35548
167,Rebecca,Stanton,sydneyrojas@example.org,001-944-738-0613x211,1985-04-08,3772 Shah Landing,Heatherberg,DE,47205
168,Logan,Sparks,christopherburch@example.com,754.343.3271x123,1993-01-21,213 Vanessa Inlet,Curtisberg,MD,42646
169,Andrew,Mccormick,jacqueline26@example.com,001-603-433-1118x375,1952-02-26,55796 Christine Lane Suite 154,South Andrea,KS,74038
170,Angela,Sanchez,lbrennan@example.net,637-767-1646x89242,1973-09-12,89084 Scott Shoals,Martinfort,MP,92014
171,Katie,Harris,michaelmartin@example.org,+1-895-678-8128x1833,1997-08-02,146 Evans Skyway,Rasmussenburgh,VA,43456
172,Christopher,Benjamin,lauren04@example.net,001-749-558-5402x415,1950-06-04,55878 Johnson Pine Suite 326,North Benjamin,UT,62526
173,Christopher,Burch,qvaldez@example.net,001-921-303-4729x739,1964-12-30,1462 Jeremy Club Apt. 644,Marioview,WI,41180
174,William,Anderson,jessica46@example.org,408.862.6404,1988-04-16,54003 Reed Court,Wilsonhaven,CO,50577
175,Jacqueline,Lewis,lauraward@example.com,+1-971-793-9277x88910,1976-02-26,9003 Christina Forks Suite 259,South Michaelton,MI,59788
176,Matthew,Mejia,richard26@example.org,658-699-5659x223,1999-05-30,9229 Kyle Forge Suite 178,Lake Karla,IN,31221
177,Julia,Jones,jhaynes@example.com,6184235005,1969-04-03,3139 Kerr Squares,Summersbury,NH,46733
178,Emily,Robertson,christopher42@example.net,988.368.4631x47225,1967-05-06,1415 Robin Lodge Suite 428,Brownmouth,AZ,32364
179,Kenneth,Fields,cannonkaren@example.net,285-283-6389,2005-04-20,3294 Christopher Crossing,North Lisa,MP,19125
180,Jacob,Rose,gillkelly@example.net,986.642.0449,1952-11-19,97670 Hayden Walk Apt. 403,Chenview,AL,66408
181,Marissa,Perez,eric92@example.net,+1-878-939-7195x0364,2012-01-10,036 Gabriel Motorway Suite 685,Lake Kenneth,NY,33657
182,Ashley,Hernandez,jessica60@example.net,329-796-1367x107,1950-06-15,2780 Vanessa Flats Suite 276,Kristinamouth,NH,61807
183,Keith,Brown,lsolomon@example.com,+1-900-238-4646x17062,1952-04-15,0778 Tim Dam,Port Joel,MA,93301
184,Dennis,Daniels,pricejoel@example.net,276-744-2994x73973,1986-03-15,11335 Kimberly Circles,West Gary,NM,80757
185,Benjamin,Salas,charles67@example.com,250.234.8920,1993-01-19,233 Amanda Mountains Apt. 329,Mosesfurt,MP,35962
186,Jose,Meyer,ljohnson@example.org,(975)918-8547x89408,1959-10-09,38593 Miller Estate,West Christinaview,TX,22480
187,Jessica,Hunt,delgadoalbert@example.com,001-841-753-5944x6474,1956-09-26,54915 White Hill Apt. 282,Ryanfurt,AK,17637
188,Kathy,Harrison,lisa83@example.com,(682)850-3811x47201,1977-11-23,763 Chandler Springs,Lyonsmouth,AZ,90777
189,Anna,Mendoza,foleyrobert@example.com,+1-913-280-0042x4737,2009-06-18,945 Vanessa Spring,Joshuachester,MP,35270
190,Jesus,Owens,yjacobs@example.org,213.659.7031,1962-02-14,517 Daniel Rue Apt. 281,North Brian,NC,71782
191,Peggy,Robertson,romerorobert@example.org,001-379-515-2476,1955-11-13,74897 Linda Squares,Loganmouth,ND,12218
192,Kevin,Gray,hayesaustin@example.com,663-958-7176x603,1949-05-05,15124 Cindy Islands,East Kristineside,MI,28813
193,Maria,Velazquez,patrick44@example.com,395-499-1361x06963,1983-03-28,8625 Vasquez Plaza Apt. 224,East Kevin,MH,14310
194,Samuel,Chambers,erica02@example.net,856-351-7539x8195,1999-09-13,58265 Baker Trace,Dicksonmouth,OH,77216
195,Melanie,Sawyer,malexander@example.net,5619608289,1972-03-02,8845 Riley Hills Apt. 470,West Jeffrey,MH,20961
196,James,Hall,james18@example.com,479.604.7756x431,1946-03-26,0697 Amy Freeway,Lake Amberborough,NJ,40122
197,Mark,Johnson,ksanchez@example.com,798-303-7114,2012-10-15,264 Powell Lake Suite 368,Westborough,NM,48031
198,Amy,Krause,david57@example.org,+1-522-358-2650,1965-10-21,06148 Holmes Route,Lake Earl,CT,68347
199,Ashley,Schmidt,orodriguez@example.org,3233895544,1954-01-27,1622 Shea Row Suite 929,Millerborough,IA,92111
200,Autumn,Norman,warrencheryl@example.net,427-822-8533x462,1954-12-27,043 Charles Tunnel,Lake Alexandra,CT,90374
